register,entry,file,cited_line,table,automated_classification,final_classification,verification_method,manual_note
unbounded-queries,apps/api/src/routes/analytics/index.ts:19:employees,apps/api/src/routes/analytics/index.ts,19,employees,FIXED_LIKELY,FIXED,automated-regex-match,
unbounded-queries,apps/api/src/routes/analytics/index.ts:20:employees,apps/api/src/routes/analytics/index.ts,20,employees,FIXED_LIKELY,FIXED,automated-regex-match,
unbounded-queries,apps/api/src/routes/payroll/context.ts:30:employees,apps/api/src/routes/payroll/context.ts,30,employees,FIXED_LIKELY,FIXED,automated-regex-match,
unbounded-queries,apps/api/src/routes/attendance/roster-context.ts:35:attendance_daily,apps/api/src/routes/attendance/roster-context.ts,35,attendance_daily,FIXED_LIKELY,FIXED,automated-regex-match,
unbounded-queries,apps/api/src/routes/payroll/context.ts:35:employee_compensations,apps/api/src/routes/payroll/context.ts,35,employee_compensations,FIXED_LIKELY,FIXED,automated-regex-match,
unbounded-queries,apps/api/src/routes/manager/team-helpdesk.ts:37:employees,apps/api/src/routes/manager/team-helpdesk.ts,37,employees,FIXED_LIKELY,FIXED,automated-regex-match,
unbounded-queries,apps/api/src/routes/payroll/forecast.ts:50:employee_compensations,apps/api/src/routes/payroll/forecast.ts,50,employee_compensations,FIXED_LIKELY,FIXED,automated-regex-match,
unbounded-queries,apps/api/src/routes/datasets/statutory.ts:52:employees,apps/api/src/routes/datasets/statutory.ts,52,employees,FIXED_LIKELY,FIXED,automated-regex-match,
unbounded-queries,apps/api/src/routes/manager/team-helpdesk.ts:54:helpdesk_tickets,apps/api/src/routes/manager/team-helpdesk.ts,54,helpdesk_tickets,FIXED_LIKELY,FIXED,automated-regex-match,
unbounded-queries,apps/api/src/routes/attendance/fetch.ts:56:attendance_daily,apps/api/src/routes/attendance/fetch.ts,56,attendance_daily,FIXED_LIKELY,FIXED,automated-regex-match,
unbounded-queries,apps/api/src/routes/attendance/reconciliation-validate.ts:60:attendance_daily,apps/api/src/routes/attendance/reconciliation-validate.ts,60,attendance_daily,FIXED_LIKELY,FIXED,automated-regex-match,
unbounded-queries,apps/api/src/lib/fbp-service.ts:61:payroll_slips,apps/api/src/lib/fbp-service.ts,61,payroll_slips,FIXED_LIKELY,FIXED,automated-regex-match,
unbounded-queries,apps/api/src/routes/masters/employee-shifts.ts:62:employees,apps/api/src/routes/masters/employee-shifts.ts,62,employees,FIXED_LIKELY,FIXED,automated-regex-match,
unbounded-queries,apps/api/src/routes/payroll/exports.ts:70:epf_contributions,apps/api/src/routes/payroll/exports.ts,70,epf_contributions,FIXED_LIKELY,FIXED,automated-regex-match,
unbounded-queries,apps/api/src/routes/attendance/fetch.ts:71:attendance_logs,apps/api/src/routes/attendance/fetch.ts,71,attendance_logs,FIXED_LIKELY,FIXED,automated-regex-match,
unbounded-queries,apps/api/src/routes/attendance/run-export.ts:74:attendance_daily,apps/api/src/routes/attendance/run-export.ts,74,attendance_daily,FIXED_LIKELY,FIXED,automated-regex-match,
unbounded-queries,apps/api/src/routes/attendance/muster-upload.ts:85:employees,apps/api/src/routes/attendance/muster-upload.ts,85,employees,FIXED_LIKELY,FIXED,automated-regex-match,
unbounded-queries,apps/api/src/routes/masters/rotation-policies.ts:87:employees,apps/api/src/routes/masters/rotation-policies.ts,87,employees,FIXED_LIKELY,FIXED,automated-regex-match,
unbounded-queries,apps/api/src/routes/attendance/run-export.ts:88:attendance_logs,apps/api/src/routes/attendance/run-export.ts,88,attendance_logs,FIXED_LIKELY,FIXED,automated-regex-match,
unbounded-queries,apps/api/src/routes/attendance/who-is-in.ts:93:attendance_daily,apps/api/src/routes/attendance/who-is-in.ts,93,attendance_daily,FIXED_LIKELY,FIXED,automated-regex-match,
unbounded-queries,apps/api/src/routes/payroll/context.ts:97:payroll_slips,apps/api/src/routes/payroll/context.ts,97,payroll_slips,FIXED_LIKELY,FIXED,automated-regex-match,
unbounded-queries,apps/api/src/routes/attendance/who-is-in.ts:101:attendance_logs,apps/api/src/routes/attendance/who-is-in.ts,101,attendance_logs,FIXED_LIKELY,FIXED,automated-regex-match,
unbounded-queries,apps/api/src/routes/payroll/context.ts:102:payroll_slips,apps/api/src/routes/payroll/context.ts,102,payroll_slips,FIXED_LIKELY,FIXED,automated-regex-match,
unbounded-queries,apps/api/src/routes/analytics/roster-intelligence.ts:103:attendance_daily,apps/api/src/routes/analytics/roster-intelligence.ts,103,attendance_daily,FIXED_LIKELY,FIXED,automated-regex-match,
unbounded-queries,apps/api/src/routes/attendance/roster-api.ts:103:employees,apps/api/src/routes/attendance/roster-api.ts,103,employees,FIXED_LIKELY,FIXED,automated-regex-match,
unbounded-queries,apps/api/src/routes/attendance/anomaly-reconcile.ts:109:attendance_daily,apps/api/src/routes/attendance/anomaly-reconcile.ts,109,attendance_daily,FIXED_LIKELY,FIXED,automated-regex-match,
unbounded-queries,apps/api/src/routes/payroll/index.ts:111:payroll_slips,apps/api/src/routes/payroll/index.ts,111,payroll_slips,NO_FROM_MATCH,MOVED_AND_FIXED,manual-code-read,"MOVED+FIXED -> runs.ts/slips.ts/run-diagnostics.ts/payout-batches.ts/statutory-recon.ts (every payroll_slips occurrence across these files uses fetchAllRows()/.maybeSingle() + .eq('tenant_id', ...))."
unbounded-queries,apps/api/src/routes/workspace/stats.ts:111:employees,apps/api/src/routes/workspace/stats.ts,111,employees,FIXED_LIKELY,FIXED,automated-regex-match,
unbounded-queries,apps/api/src/routes/payroll/filing-pack.ts:112:employee_bank_statutory,apps/api/src/routes/payroll/filing-pack.ts,112,employee_bank_statutory,FIXED_LIKELY,FIXED,automated-regex-match,
unbounded-queries,apps/api/src/routes/payroll/simulate.ts:113:employee_compensations,apps/api/src/routes/payroll/simulate.ts,113,employee_compensations,FIXED_LIKELY,FIXED,automated-regex-match,
unbounded-queries,apps/api/src/lib/wo-credit-reconciler.ts:117:employees,apps/api/src/lib/wo-credit-reconciler.ts,117,employees,FIXED_LIKELY,FIXED,automated-regex-match,
unbounded-queries,apps/api/src/routes/ess/team.ts:121:employees,apps/api/src/routes/ess/team.ts,121,employees,STILL_OPEN,FIXED,manual-code-read,"FIXED/not-a-defect. Cited line is blank. Real employees queries at lines 50-82 are tenant_id-scoped and bounded by manager_id (a manager's own team, never a tenant-wide scan); the 'N people' summary count comes from a dedicated count:exact query (comment cites 'F21'), not the capped display array."
unbounded-queries,apps/api/src/routes/analytics/workforce-drill.ts:123:employees,apps/api/src/routes/analytics/workforce-drill.ts,123,employees,FIXED_LIKELY,FIXED,automated-regex-match,
unbounded-queries,apps/api/src/routes/attendance/who-is-in.ts:127:leave_requests,apps/api/src/routes/attendance/who-is-in.ts,127,leave_requests,FIXED_LIKELY,FIXED,automated-regex-match,
unbounded-queries,apps/api/src/routes/ess/activity.ts:136:employees,apps/api/src/routes/ess/activity.ts,136,employees,STILL_OPEN,FIXED,manual-code-read,"FIXED. Cited line is unrelated (building a 'Salary released' event). The file's actual employees query (line ~106) uses fetchAllRows() + .eq('tenant_id', tenantId)."
unbounded-queries,apps/api/src/lib/lifecycle-expiry.ts:138:employee_certifications,apps/api/src/lib/lifecycle-expiry.ts,138,employee_certifications,FIXED_LIKELY,FIXED,automated-regex-match,
unbounded-queries,apps/api/src/routes/ess/team.ts:143:leave_requests,apps/api/src/routes/ess/team.ts,143,leave_requests,STILL_OPEN,FIXED,manual-code-read,"FIXED/not-a-defect. Cited line is unrelated (Map construction). leave_requests occurrences in this file are all .eq('tenant_id', tenantId)-scoped team-activity reads, same file/pattern as the employees entries above."
unbounded-queries,apps/api/src/lib/attendance-read-model.ts:147:attendance_daily,apps/api/src/lib/attendance-read-model.ts,147,attendance_daily,FIXED_LIKELY,FIXED,automated-regex-match,
unbounded-queries,apps/api/src/routes/masters/rosters.ts:147:sites,apps/api/src/routes/masters/rosters.ts,147,sites,FIXED_LIKELY,FIXED,automated-regex-match,
unbounded-queries,apps/api/src/routes/datasets/payroll-cost.ts:155:payroll_slips,apps/api/src/routes/datasets/payroll-cost.ts,155,payroll_slips,STILL_OPEN,FIXED,manual-code-read,"FIXED/not-a-defect. Cited line is mid-query for a DIFFERENT table (payroll_runs). Both actual payroll_slips occurrences (lines 74, 180) are .eq('tenant_id', tid)-scoped; one is a deliberate .limit(1) latest-month lookup, the other is run_id-scoped."
unbounded-queries,apps/api/src/lib/lifecycle-expiry.ts:162:employees,apps/api/src/lib/lifecycle-expiry.ts,162,employees,FIXED_LIKELY,FIXED,automated-regex-match,
unbounded-queries,apps/api/src/routes/payroll/validation.ts:173:employees,apps/api/src/routes/payroll/validation.ts,173,employees,FIXED_LIKELY,FIXED,automated-regex-match,
unbounded-queries,apps/api/src/lib/attendance-reconciliation.ts:176:attendance_logs,apps/api/src/lib/attendance-reconciliation.ts,176,attendance_logs,FIXED_LIKELY,FIXED,automated-regex-match,
unbounded-queries,apps/api/src/routes/attendance/muster-upload.ts:179:employees,apps/api/src/routes/attendance/muster-upload.ts,179,employees,FIXED_LIKELY,FIXED,automated-regex-match,
unbounded-queries,apps/api/src/routes/payroll/validation.ts:184:employee_compensations,apps/api/src/routes/payroll/validation.ts,184,employee_compensations,FIXED_LIKELY,FIXED,automated-regex-match,
unbounded-queries,apps/api/src/routes/analytics/workforce-drill.ts:185:attendance_daily,apps/api/src/routes/analytics/workforce-drill.ts,185,attendance_daily,FIXED_LIKELY,FIXED,automated-regex-match,
unbounded-queries,apps/api/src/routes/payroll/validation.ts:193:employee_bank_statutory,apps/api/src/routes/payroll/validation.ts,193,employee_bank_statutory,FIXED_LIKELY,FIXED,automated-regex-match,
unbounded-queries,apps/api/src/lib/sla-scanner.ts:197:leave_requests,apps/api/src/lib/sla-scanner.ts,197,leave_requests,FIXED_LIKELY,FIXED,automated-regex-match,
unbounded-queries,apps/api/src/routes/analytics/roster-intelligence.ts:206:attendance_daily,apps/api/src/routes/analytics/roster-intelligence.ts,206,attendance_daily,FIXED_LIKELY,FIXED,automated-regex-match,
unbounded-queries,apps/api/src/routes/mood/index.ts:222:mood_checkins,apps/api/src/routes/mood/index.ts,222,mood_checkins,FIXED_LIKELY,FIXED,automated-regex-match,
unbounded-queries,apps/api/src/routes/analytics/executive-intelligence.ts:233:attendance_daily,apps/api/src/routes/analytics/executive-intelligence.ts,233,attendance_daily,FIXED_LIKELY,FIXED,automated-regex-match,
unbounded-queries,apps/api/src/routes/mood/index.ts:233:mood_checkins,apps/api/src/routes/mood/index.ts,233,mood_checkins,FIXED_LIKELY,FIXED,automated-regex-match,
unbounded-queries,apps/api/src/routes/datasets/statutory.ts:235:payroll_slips,apps/api/src/routes/datasets/statutory.ts,235,payroll_slips,STILL_OPEN,FIXED,manual-code-read,"FIXED/not-a-defect. Cited line is '.limit(1)' on an unrelated statutory_registrations query. Real payroll_slips occurrences (246, 253) are count:exact/head:true queries scoped by .eq('tenant_id', tid).eq('month', month); a third (312) uses fetchAllRows() + tenant_id for TDS computation."
unbounded-queries,apps/api/src/lib/attendance-reconciliation.ts:240:attendance_daily,apps/api/src/lib/attendance-reconciliation.ts,240,attendance_daily,FIXED_LIKELY,FIXED,automated-regex-match,
unbounded-queries,apps/api/src/routes/payroll/statutory/lwf.ts:240:employees,apps/api/src/routes/payroll/statutory/lwf.ts,240,employees,STILL_OPEN,FIXED,manual-code-read,"FIXED. Cited line IS the GET /contributions route declaration; the query 3 lines below uses fetchAllRows() + .eq('tenant_id', req.tenantId), with a comment explicitly citing the 1,000-row ceiling (SYSCERT_AUDIT_2026-08-02.md C6) as the reason."
unbounded-queries,apps/api/src/routes/payroll/filing-pack.ts:243:epf_contributions,apps/api/src/routes/payroll/filing-pack.ts,243,epf_contributions,STILL_OPEN,FIXED,manual-code-read,"FIXED/not-a-defect. Cited line is blank. The nearest real epf_contributions occurrence (209) uses fetchAllRows() + .eq('tenant_id', req.tenantId)."
unbounded-queries,apps/api/src/routes/attendance/workforce-optimization.ts:247:attendance_daily,apps/api/src/routes/attendance/workforce-optimization.ts,247,attendance_daily,FIXED_LIKELY,FIXED,automated-regex-match,
unbounded-queries,apps/api/src/routes/payroll/statutory/lwf.ts:251:sites,apps/api/src/routes/payroll/statutory/lwf.ts,251,sites,FIXED_LIKELY,FIXED,automated-regex-match,
unbounded-queries,apps/api/src/routes/analytics/workforce-intelligence.ts:256:leave_requests,apps/api/src/routes/analytics/workforce-intelligence.ts,256,leave_requests,FIXED_LIKELY,FIXED,automated-regex-match,
unbounded-queries,apps/api/src/routes/analytics/workforce-drill.ts:260:attendance_daily,apps/api/src/routes/analytics/workforce-drill.ts,260,attendance_daily,FIXED_LIKELY,FIXED,automated-regex-match,
unbounded-queries,apps/api/src/routes/payroll/ops-dashboard.ts:260:payroll_adjustments,apps/api/src/routes/payroll/ops-dashboard.ts,260,payroll_adjustments,STILL_OPEN,FIXED,manual-code-read,"FIXED/not-a-defect. Cited line is an unrelated closing brace. Occurrence at 300 is a .limit(50) display cap PAIRED with a separate count:exact query (the same F21 pattern) — not deriving a count from the capped array. Occurrence at 497 uses fetchAllRows() + tenant_id, with a comment explicitly citing the unbounded-scan risk."
unbounded-queries,apps/api/src/routes/payroll/filing-pack.ts:266:payroll_slips,apps/api/src/routes/payroll/filing-pack.ts,266,payroll_slips,STILL_OPEN,FIXED,manual-code-read,"FIXED. Cited line is a comment 7 lines after the real query (259), which is count:exact/head:true scoped by .eq('tenant_id', req.tenantId).eq('month', month)."
unbounded-queries,apps/api/src/routes/payroll/filing-pack.ts:277:employee_bank_statutory,apps/api/src/routes/payroll/filing-pack.ts,277,employee_bank_statutory,FIXED_LIKELY,FIXED,automated-regex-match,
unbounded-queries,apps/api/src/routes/payroll/statutory/epf.ts:283:employees,apps/api/src/routes/payroll/statutory/epf.ts,283,employees,FIXED_LIKELY,FIXED,automated-regex-match,
unbounded-queries,apps/api/src/routes/policy/index.ts:284:employees,apps/api/src/routes/policy/index.ts,284,employees,FIXED_LIKELY,FIXED,automated-regex-match,
unbounded-queries,apps/api/src/routes/analytics/roster-intelligence.ts:287:employees,apps/api/src/routes/analytics/roster-intelligence.ts,287,employees,FIXED_LIKELY,FIXED,automated-regex-match,
unbounded-queries,apps/api/src/routes/payroll/statutory/lwf.ts:288:payroll_slips,apps/api/src/routes/payroll/statutory/lwf.ts,288,payroll_slips,FIXED_LIKELY,FIXED,automated-regex-match,
unbounded-queries,apps/api/src/routes/analytics/roster-intelligence.ts:292:attendance_daily,apps/api/src/routes/analytics/roster-intelligence.ts,292,attendance_daily,FIXED_LIKELY,FIXED,automated-regex-match,
unbounded-queries,apps/api/src/routes/attendance/risk.ts:296:employees,apps/api/src/routes/attendance/risk.ts,296,employees,FIXED_LIKELY,FIXED,automated-regex-match,
unbounded-queries,apps/api/src/routes/executive/index.ts:301:employees,apps/api/src/routes/executive/index.ts,301,employees,FIXED_LIKELY,FIXED,automated-regex-match,
unbounded-queries,apps/api/src/routes/attendance/overtime.ts:302:attendance_daily,apps/api/src/routes/attendance/overtime.ts,302,attendance_daily,FIXED_LIKELY,FIXED,automated-regex-match,
unbounded-queries,apps/api/src/routes/payroll/statutory/esi.ts:302:employees,apps/api/src/routes/payroll/statutory/esi.ts,302,employees,FIXED_LIKELY,FIXED,automated-regex-match,
unbounded-queries,apps/api/src/routes/attendance/health-index.ts:303:attendance_daily,apps/api/src/routes/attendance/health-index.ts,303,attendance_daily,FIXED_LIKELY,FIXED,automated-regex-match,
unbounded-queries,apps/api/src/routes/analytics/workforce-drill.ts:315:attendance_daily,apps/api/src/routes/analytics/workforce-drill.ts,315,attendance_daily,FIXED_LIKELY,FIXED,automated-regex-match,
unbounded-queries,apps/api/src/routes/analytics/workforce-drill.ts:322:attendance_daily,apps/api/src/routes/analytics/workforce-drill.ts,322,attendance_daily,FIXED_LIKELY,FIXED,automated-regex-match,
unbounded-queries,apps/api/src/routes/attendance/risk.ts:325:attendance_daily,apps/api/src/routes/attendance/risk.ts,325,attendance_daily,FIXED_LIKELY,FIXED,automated-regex-match,
unbounded-queries,apps/api/src/routes/attendance/workforce-optimization.ts:328:attendance_daily,apps/api/src/routes/attendance/workforce-optimization.ts,328,attendance_daily,FIXED_LIKELY,FIXED,automated-regex-match,
unbounded-queries,apps/api/src/routes/attendance/risk.ts:345:attendance_daily,apps/api/src/routes/attendance/risk.ts,345,attendance_daily,FIXED_LIKELY,FIXED,automated-regex-match,
unbounded-queries,apps/api/src/routes/payroll/variable-pay.ts:349:variable_payouts,apps/api/src/routes/payroll/variable-pay.ts,349,variable_payouts,FIXED_LIKELY,FIXED,automated-regex-match,
unbounded-queries,apps/api/src/routes/payroll/statutory/epf.ts:356:employee_compensations,apps/api/src/routes/payroll/statutory/epf.ts,356,employee_compensations,FIXED_LIKELY,FIXED,automated-regex-match,
unbounded-queries,apps/api/src/routes/attendance/risk.ts:357:attendance_anomalies,apps/api/src/routes/attendance/risk.ts,357,attendance_anomalies,FIXED_LIKELY,FIXED,automated-regex-match,
unbounded-queries,apps/api/src/routes/reports/export.ts:360:employees,apps/api/src/routes/reports/export.ts,360,employees,FIXED_LIKELY,FIXED,automated-regex-match,
unbounded-queries,apps/api/src/routes/payroll/statutory/esi.ts:368:payroll_slips,apps/api/src/routes/payroll/statutory/esi.ts,368,payroll_slips,FIXED_LIKELY,FIXED,automated-regex-match,
unbounded-queries,apps/api/src/routes/analytics/workforce-drill.ts:380:attendance_daily,apps/api/src/routes/analytics/workforce-drill.ts,380,attendance_daily,FIXED_LIKELY,FIXED,automated-regex-match,
unbounded-queries,apps/api/src/routes/payroll/variable-pay.ts:390:variable_payouts,apps/api/src/routes/payroll/variable-pay.ts,390,variable_payouts,STILL_OPEN,FIXED,manual-code-read,"FIXED/not-applicable. Cited line IS part of the real query — an UPDATE scoped by .eq('batch_id', id).eq('tenant_id', req.tenantId); an UPDATE-by-batch is not a row-count unbounded-scan risk in the first place."
unbounded-queries,apps/api/src/routes/payroll/statutory/epf.ts:394:payroll_slips,apps/api/src/routes/payroll/statutory/epf.ts,394,payroll_slips,FIXED_LIKELY,FIXED,automated-regex-match,
unbounded-queries,apps/api/src/routes/payroll/statutory/esi.ts:399:employee_compensations,apps/api/src/routes/payroll/statutory/esi.ts,399,employee_compensations,FIXED_LIKELY,FIXED,automated-regex-match,
unbounded-queries,apps/api/src/routes/payroll/exports.ts:403:epf_contributions,apps/api/src/routes/payroll/exports.ts,403,epf_contributions,FIXED_LIKELY,FIXED,automated-regex-match,
unbounded-queries,apps/api/src/routes/succession/index.ts:406:succession_plans,apps/api/src/routes/succession/index.ts,406,succession_plans,STILL_OPEN,FIXED,manual-code-read,"FIXED/not-a-defect. Cited line is an unrelated array literal element. The nearest real succession_plans query (377) is .eq('id', plan_id).eq('tenant_id', tenantId) with a comment explicitly citing a 'fresh audit finding (cross-tenant IDOR)' this exact check was added to close."
unbounded-queries,apps/api/src/routes/payroll/ops-dashboard.ts:407:payroll_adjustments,apps/api/src/routes/payroll/ops-dashboard.ts,407,payroll_adjustments,FIXED_LIKELY,FIXED,automated-regex-match,
unbounded-queries,apps/api/src/routes/analytics/roster-intelligence.ts:409:attendance_daily,apps/api/src/routes/analytics/roster-intelligence.ts,409,attendance_daily,FIXED_LIKELY,FIXED,automated-regex-match,
unbounded-queries,apps/api/src/routes/payroll/statutory/ptax.ts:411:employees,apps/api/src/routes/payroll/statutory/ptax.ts,411,employees,FIXED_LIKELY,FIXED,automated-regex-match,
unbounded-queries,apps/api/src/routes/reports/export.ts:419:payroll_slips,apps/api/src/routes/reports/export.ts,419,payroll_slips,FIXED_LIKELY,FIXED,automated-regex-match,
unbounded-queries,apps/api/src/routes/attendance/roster-api.ts:430:employees,apps/api/src/routes/attendance/roster-api.ts,430,employees,FIXED_LIKELY,FIXED,automated-regex-match,
unbounded-queries,apps/api/src/routes/attendance/workforce-optimization.ts:433:attendance_daily,apps/api/src/routes/attendance/workforce-optimization.ts,433,attendance_daily,FIXED_LIKELY,FIXED,automated-regex-match,
unbounded-queries,apps/api/src/routes/payroll/statutory/tds-bulk.ts:436:payroll_slips,apps/api/src/routes/payroll/statutory/tds-bulk.ts,436,payroll_slips,FIXED_LIKELY,FIXED,automated-regex-match,
unbounded-queries,apps/api/src/routes/reports/export.ts:438:attendance_anomalies,apps/api/src/routes/reports/export.ts,438,attendance_anomalies,FIXED_LIKELY,FIXED,automated-regex-match,
unbounded-queries,apps/api/src/routes/reports/export.ts:453:leave_requests,apps/api/src/routes/reports/export.ts,453,leave_requests,FIXED_LIKELY,FIXED,automated-regex-match,
unbounded-queries,apps/api/src/routes/payroll/statutory/ptax.ts:472:payroll_slips,apps/api/src/routes/payroll/statutory/ptax.ts,472,payroll_slips,FIXED_LIKELY,FIXED,automated-regex-match,
unbounded-queries,apps/api/src/routes/helpdesk/index.ts:482:helpdesk_tickets,apps/api/src/routes/helpdesk/index.ts,482,helpdesk_tickets,STILL_OPEN,FIXED,manual-code-read,"FIXED. Cited line is the response for a DIFFERENT table's query (profiles, agents list). The real helpdesk_tickets UPDATE near there (428) is .eq('id', id).eq('tenant_id', req.tenantId)."
unbounded-queries,apps/api/src/routes/payroll/statutory/ptax.ts:488:employee_compensations,apps/api/src/routes/payroll/statutory/ptax.ts,488,employee_compensations,FIXED_LIKELY,FIXED,automated-regex-match,
unbounded-queries,apps/api/src/lib/attendance-read-model.ts:500:attendance_daily,apps/api/src/lib/attendance-read-model.ts,500,attendance_daily,FIXED_LIKELY,FIXED,automated-regex-match,
unbounded-queries,apps/api/src/routes/payroll/exports.ts:505:payroll_slips,apps/api/src/routes/payroll/exports.ts,505,payroll_slips,FIXED_LIKELY,FIXED,automated-regex-match,
unbounded-queries,apps/api/src/routes/analytics/roster-intelligence.ts:509:attendance_daily,apps/api/src/routes/analytics/roster-intelligence.ts,509,attendance_daily,FIXED_LIKELY,FIXED,automated-regex-match,
unbounded-queries,apps/api/src/routes/analytics/executive-intelligence.ts:511:attendance_daily,apps/api/src/routes/analytics/executive-intelligence.ts,511,attendance_daily,FIXED_LIKELY,FIXED,automated-regex-match,
unbounded-queries,apps/api/src/routes/payroll/exports.ts:516:epf_contributions,apps/api/src/routes/payroll/exports.ts,516,epf_contributions,FIXED_LIKELY,FIXED,automated-regex-match,
unbounded-queries,apps/api/src/routes/policy/index.ts:524:employees,apps/api/src/routes/policy/index.ts,524,employees,FIXED_LIKELY,FIXED,automated-regex-match,
unbounded-queries,apps/api/src/routes/payroll/statutory/epf.ts:525:epf_contributions,apps/api/src/routes/payroll/statutory/epf.ts,525,epf_contributions,STILL_OPEN,FIXED,manual-code-read,"FIXED/not-a-defect. Cited line is a comment inside per-employee wage-base computation (not a query). The file's three real epf_contributions occurrences (218, 608, 778) are: 218/778 fetchAllRows()+tenant_id (export/list reads, citing SYSCERT C6), 608 a .upsert() of already-computed rows (not an unbounded SELECT)."
unbounded-queries,apps/api/src/routes/onboarding/pre-joinee.ts:536:pre_joinee_invitations,apps/api/src/routes/onboarding/pre-joinee.ts,536,pre_joinee_invitations,FIXED_LIKELY,FIXED,automated-regex-match,
unbounded-queries,apps/api/src/routes/executive/index.ts:545:employees,apps/api/src/routes/executive/index.ts,545,employees,FIXED_LIKELY,FIXED,automated-regex-match,
unbounded-queries,apps/api/src/lib/attendance-read-model.ts:555:employees,apps/api/src/lib/attendance-read-model.ts,555,employees,FIXED_LIKELY,FIXED,automated-regex-match,
unbounded-queries,apps/api/src/routes/executive/index.ts:559:employees,apps/api/src/routes/executive/index.ts,559,employees,FIXED_LIKELY,FIXED,automated-regex-match,
unbounded-queries,apps/api/src/routes/executive/index.ts:567:employees,apps/api/src/routes/executive/index.ts,567,employees,FIXED_LIKELY,FIXED,automated-regex-match,
unbounded-queries,apps/api/src/routes/attendance/workforce-optimization.ts:586:attendance_daily,apps/api/src/routes/attendance/workforce-optimization.ts,586,attendance_daily,FIXED_LIKELY,FIXED,automated-regex-match,
unbounded-queries,apps/api/src/routes/succession/index.ts:597:succession_plans,apps/api/src/routes/succession/index.ts,597,succession_plans,STILL_OPEN,FIXED,manual-code-read,"FIXED/not-a-defect. Cited line is an unrelated validation check. Nearest real query (481) uses fetchAllRows() + .eq('tenant_id', tenantId).eq('status','active')."
unbounded-queries,apps/api/src/routes/compensation/revisions.ts:657:employees,apps/api/src/routes/compensation/revisions.ts,657,employees,STILL_OPEN,FIXED,manual-code-read,"FIXED/not-applicable. Cited line is mid-select of a DIFFERENT table (compensation_revisions). The real employees check 7 lines above (650-652) is .eq('id', empId).eq('tenant_id', req.tenantId).maybeSingle() — single-row by PK, never an unbounded scan."
unbounded-queries,apps/api/src/routes/executive/index.ts:665:employees,apps/api/src/routes/executive/index.ts,665,employees,FIXED_LIKELY,FIXED,automated-regex-match,
unbounded-queries,apps/api/src/routes/payroll/statutory/epf.ts:689:epf_contributions,apps/api/src/routes/payroll/statutory/epf.ts,689,epf_contributions,STILL_OPEN,FIXED,manual-code-read,FIXED/not-a-defect. Cited line is an unrelated audit-log field. Same three real occurrences as the :525 entry above.
unbounded-queries,apps/api/src/routes/analytics/executive-intelligence.ts:735:attendance_daily,apps/api/src/routes/analytics/executive-intelligence.ts,735,attendance_daily,FIXED_LIKELY,FIXED,automated-regex-match,
unbounded-queries,apps/api/src/routes/attendance/workforce-optimization.ts:820:attendance_daily,apps/api/src/routes/attendance/workforce-optimization.ts,820,attendance_daily,FIXED_LIKELY,FIXED,automated-regex-match,
unbounded-queries,apps/api/src/routes/helpdesk/index.ts:868:helpdesk_tickets,apps/api/src/routes/helpdesk/index.ts,868,helpdesk_tickets,FIXED_LIKELY,FIXED,automated-regex-match,
unbounded-queries,apps/api/src/routes/recruitment/index.ts:993:applications,apps/api/src/routes/recruitment/index.ts,993,applications,STILL_OPEN,FIXED,manual-code-read,"FIXED/not-applicable. Cited line is a zod schema field, not a query. Nearby real applications occurrences (960, 1001) are id/tenant-scoped single-row reads."
unbounded-queries,apps/api/src/routes/reports/export.ts:1024:leave_requests,apps/api/src/routes/reports/export.ts,1024,leave_requests,FIXED_LIKELY,FIXED,automated-regex-match,
unbounded-queries,apps/api/src/routes/recruitment/index.ts:1026:applications,apps/api/src/routes/recruitment/index.ts,1026,applications,STILL_OPEN,FIXED,manual-code-read,"FIXED. Cited line is a blank line 3 lines after the real query (1023), which is .update(...).eq('id', id).eq('tenant_id', req.tenantId)."
unbounded-queries,apps/api/src/routes/recruitment/index.ts:1042:applications,apps/api/src/routes/recruitment/index.ts,1042,applications,STILL_OPEN,FIXED,manual-code-read,"FIXED/not-applicable. Cited line is a log.warn after an unrelated application_activity_log insert, not an 'applications' table query."
unbounded-queries,apps/api/src/lib/ai/assistant-tools.ts:1114:employee_bank_statutory,apps/api/src/lib/ai/assistant-tools.ts,1114,employee_bank_statutory,STILL_OPEN,FIXED,manual-code-read,"FIXED/not-applicable. Cited line is unrelated (attendance status-label mapping). The real occurrence (1137) is .eq('employee_id', ctx.employeeId).eq('tenant_id', ctx.caller.tenantId).maybeSingle() — single employee's own record, never a scan."
unbounded-queries,apps/api/src/routes/recruitment/index.ts:1126:applications,apps/api/src/routes/recruitment/index.ts,1126,applications,FIXED_LIKELY,FIXED,automated-regex-match,
unbounded-queries,apps/api/src/routes/intelligence/index.ts:1189:employee_bank_statutory,apps/api/src/routes/intelligence/index.ts,1189,employee_bank_statutory,FIXED_LIKELY,FIXED,automated-regex-match,
unbounded-queries,apps/api/src/routes/owner/index.ts:1207:employees,apps/api/src/routes/owner/index.ts,1207,employees,FIXED_LIKELY,FIXED,automated-regex-match,
unbounded-queries,apps/api/src/routes/intelligence/index.ts:1222:employees,apps/api/src/routes/intelligence/index.ts,1222,employees,FIXED_LIKELY,FIXED,automated-regex-match,
unbounded-queries,apps/api/src/routes/intelligence/index.ts:1233:employees,apps/api/src/routes/intelligence/index.ts,1233,employees,FIXED_LIKELY,FIXED,automated-regex-match,
unbounded-queries,apps/api/src/routes/intelligence/index.ts:1272:employees,apps/api/src/routes/intelligence/index.ts,1272,employees,STILL_OPEN,FIXED,manual-code-read,"FIXED/not-a-defect. Cited line is a TypeScript type alias declaration, not a query."
unbounded-queries,apps/api/src/routes/intelligence/index.ts:1299:employees,apps/api/src/routes/intelligence/index.ts,1299,employees,STILL_OPEN,FIXED,manual-code-read,FIXED/not-a-defect. Cited line is an unrelated if/else branch assigning a filter type string.
unbounded-queries,apps/api/src/routes/intelligence/index.ts:1331:employees,apps/api/src/routes/intelligence/index.ts,1331,employees,STILL_OPEN,FIXED,manual-code-read,"FIXED/by-design, directly verified. The real query (1330) is tenant_id-scoped with a deliberate .limit(50) AI-assistant preview cap — but the response also carries 'truncated: normalizedEmployees.length === 50' (confirmed by reading the full response construction at line ~1544) with a comment citing exactly the UNB-044-style undercount risk, so the cap is signaled, not silent."
unbounded-queries,apps/api/src/routes/executive/index.ts:1335:attendance_daily,apps/api/src/routes/executive/index.ts,1335,attendance_daily,FIXED_LIKELY,FIXED,automated-regex-match,
unbounded-queries,apps/api/src/routes/executive/index.ts:1352:leave_requests,apps/api/src/routes/executive/index.ts,1352,leave_requests,FIXED_LIKELY,FIXED,automated-regex-match,
unbounded-queries,apps/api/src/routes/executive/index.ts:1360:employees,apps/api/src/routes/executive/index.ts,1360,employees,FIXED_LIKELY,FIXED,automated-regex-match,
unbounded-queries,apps/api/src/routes/executive/index.ts:1367:employees,apps/api/src/routes/executive/index.ts,1367,employees,FIXED_LIKELY,FIXED,automated-regex-match,
unbounded-queries,apps/api/src/routes/payroll/index.ts:2157:payroll_slips,apps/api/src/routes/payroll/index.ts,2157,payroll_slips,NO_FROM_MATCH,MOVED_AND_FIXED,manual-code-read,MOVED+FIXED -> runs.ts's finalize attendance-completeness gate (directly read for the G04 fix this session): fetchAllRows() for draft payroll_slips.
unbounded-queries,apps/api/src/routes/payroll/index.ts:2170:attendance_daily,apps/api/src/routes/payroll/index.ts,2170,attendance_daily,NO_FROM_MATCH,MOVED_AND_FIXED,manual-code-read,MOVED+FIXED -> runs.ts's same attendance-completeness gate: fetchAllRows() for attendance_daily.
unbounded-queries,apps/api/src/routes/payroll/index.ts:2188:employees,apps/api/src/routes/payroll/index.ts,2188,employees,NO_FROM_MATCH,MOVED_AND_FIXED,manual-code-read,MOVED+FIXED -> runs.ts's same gate: employees .in() lookup chunked by 100.
unbounded-queries,apps/api/src/routes/payroll/index.ts:2289:leave_requests,apps/api/src/routes/payroll/index.ts,2289,leave_requests,NO_FROM_MATCH,MOVED_AND_FIXED,manual-code-read,MOVED+FIXED -> runs.ts's finalize staleness guard (directly read for the G04 fix this session): fetchAllRows() for leave_requests.
unbounded-queries,apps/api/src/routes/payroll/index.ts:2423:payroll_slips,apps/api/src/routes/payroll/index.ts,2423,payroll_slips,NO_FROM_MATCH,MOVED_AND_FIXED,manual-code-read,MOVED+FIXED -> same payroll_slips family as :111/:1577 above.
unbounded-queries,apps/api/src/routes/payroll/index.ts:2439:payroll_slips,apps/api/src/routes/payroll/index.ts,2439,payroll_slips,NO_FROM_MATCH,MOVED_AND_FIXED,manual-code-read,MOVED+FIXED -> same payroll_slips family as :111/:1577 above.
unbounded-queries,apps/api/src/routes/payroll/index.ts:3317:employees,apps/api/src/routes/payroll/index.ts,3317,employees,NO_FROM_MATCH,MOVED_AND_FIXED,manual-code-read,"MOVED+FIXED -> forensics.ts (98): count:exact/head:true, .eq('tenant_id', tenantId).eq('status','active') — a lightweight count, not a row-fetch scan."
unbounded-queries,apps/api/src/routes/payroll/index.ts:3600:payroll_slips,apps/api/src/routes/payroll/index.ts,3600,payroll_slips,NO_FROM_MATCH,MOVED_AND_FIXED,manual-code-read,MOVED+FIXED -> same payroll_slips family as :111/:1577 above.
unbounded-queries,apps/api/src/routes/payroll/index.ts:3688:payroll_slips,apps/api/src/routes/payroll/index.ts,3688,payroll_slips,NO_FROM_MATCH,MOVED_AND_FIXED,manual-code-read,MOVED+FIXED -> same payroll_slips family as :111/:1577 above.
unbounded-queries,apps/api/src/routes/payroll/index.ts:4067:payroll_slips,apps/api/src/routes/payroll/index.ts,4067,payroll_slips,NO_FROM_MATCH,MOVED_AND_FIXED,manual-code-read,MOVED+FIXED -> same payroll_slips family as :111/:1577 above.
unbounded-queries,apps/api/src/routes/payroll/index.ts:4093:epf_contributions,apps/api/src/routes/payroll/index.ts,4093,epf_contributions,NO_FROM_MATCH,MOVED_AND_FIXED,manual-code-read,"MOVED+FIXED -> exports.ts/filing-pack.ts/ops-dashboard.ts (each fetchAllRows() + .eq('tenant_id', ...))."
unbounded-queries,apps/api/src/routes/payroll/index.ts:4463:payroll_slips,apps/api/src/routes/payroll/index.ts,4463,payroll_slips,NO_FROM_MATCH,MOVED_AND_FIXED,manual-code-read,MOVED+FIXED -> same payroll_slips family as :111/:1577 above.
unbounded-queries,apps/api/src/routes/payroll/index.ts:5158:payroll_slips,apps/api/src/routes/payroll/index.ts,5158,payroll_slips,NO_FROM_MATCH,MOVED_AND_FIXED,manual-code-read,MOVED+FIXED -> same payroll_slips family as :111/:1577 above.
tenant-isolation,apps/api/src/routes/employees/bank-statutory.ts:86:sites,apps/api/src/routes/employees/bank-statutory.ts,86,sites,FIXED_LIKELY,FIXED,automated-regex-match,
tenant-isolation,apps/api/src/lib/leave-ledger-shadow.ts:97:leave_ledger_drift_log,apps/api/src/lib/leave-ledger-shadow.ts,97,leave_ledger_drift_log,STILL_OPEN,FIXED,manual-code-read,FIXED. Cited line IS the real insert call. Each pushed 'drifts' row (built at line 78) explicitly includes tenant_id: tenantId before the insert.
tenant-isolation,apps/api/src/lib/event-bus-automation.ts:106:leave_requests,apps/api/src/lib/event-bus-automation.ts,106,leave_requests,FIXED_LIKELY,FIXED,automated-regex-match,
tenant-isolation,apps/api/src/lib/notification-catalog.ts:140:departments,apps/api/src/lib/notification-catalog.ts,140,departments,FIXED_LIKELY,FIXED,automated-regex-match,
tenant-isolation,apps/api/src/lib/notification-catalog.ts:144:designations,apps/api/src/lib/notification-catalog.ts,144,designations,FIXED_LIKELY,FIXED,automated-regex-match,
tenant-isolation,apps/api/src/lib/event-bus-automation.ts:155:leave_requests,apps/api/src/lib/event-bus-automation.ts,155,leave_requests,FIXED_LIKELY,FIXED,automated-regex-match,
tenant-isolation,apps/api/src/lib/payroll-dept-snapshot.ts:174:payroll_dept_snapshots,apps/api/src/lib/payroll-dept-snapshot.ts,174,payroll_dept_snapshots,FIXED_LIKELY,FIXED,automated-regex-match,
tenant-isolation,apps/api/src/lib/event-bus-automation.ts:191:attendance_regularisation,apps/api/src/lib/event-bus-automation.ts,191,attendance_regularisation,FIXED_LIKELY,FIXED,automated-regex-match,
tenant-isolation,apps/api/src/routes/payroll/scheduler-monitor.ts:191:scheduler_job_log,apps/api/src/routes/payroll/scheduler-monitor.ts,191,scheduler_job_log,FIXED_LIKELY,FIXED,automated-regex-match,
tenant-isolation,apps/api/src/routes/payroll/adjustments.ts:215:payroll_adjustments,apps/api/src/routes/payroll/adjustments.ts,215,payroll_adjustments,FIXED_LIKELY,FIXED,automated-regex-match,
tenant-isolation,apps/api/src/lib/employee-profile.ts:288:sites,apps/api/src/lib/employee-profile.ts,288,sites,FIXED_LIKELY,FIXED,automated-regex-match,
tenant-isolation,apps/api/src/lib/shift-resolution-engine.ts:295:sites,apps/api/src/lib/shift-resolution-engine.ts,295,sites,FIXED_LIKELY,FIXED,automated-regex-match,
tenant-isolation,apps/api/src/routes/payroll/adjustments.ts:319:payroll_adjustments,apps/api/src/routes/payroll/adjustments.ts,319,payroll_adjustments,FIXED_LIKELY,FIXED,automated-regex-match,
tenant-isolation,apps/api/src/lib/shift-resolution-engine.ts:323:shifts,apps/api/src/lib/shift-resolution-engine.ts,323,shifts,FIXED_LIKELY,FIXED,automated-regex-match,
tenant-isolation,apps/api/src/routes/attendance/leave.ts:352:leave_types,apps/api/src/routes/attendance/leave.ts,352,leave_types,FIXED_LIKELY,FIXED,automated-regex-match,
tenant-isolation,apps/api/src/routes/system/jobs.ts:352:background_jobs,apps/api/src/routes/system/jobs.ts,352,background_jobs,FIXED_LIKELY,FIXED,automated-regex-match,
tenant-isolation,apps/api/src/routes/system/jobs.ts:357:background_jobs,apps/api/src/routes/system/jobs.ts,357,background_jobs,FIXED_LIKELY,FIXED,automated-regex-match,
tenant-isolation,apps/api/src/routes/system/jobs.ts:362:webhook_deliveries,apps/api/src/routes/system/jobs.ts,362,webhook_deliveries,FIXED_LIKELY,FIXED,automated-regex-match,
tenant-isolation,apps/api/src/routes/system/jobs.ts:366:webhook_deliveries,apps/api/src/routes/system/jobs.ts,366,webhook_deliveries,FIXED_LIKELY,FIXED,automated-regex-match,
tenant-isolation,apps/api/src/routes/surveys/index.ts:371:surveys,apps/api/src/routes/surveys/index.ts,371,surveys,STILL_OPEN,FIXED,manual-code-read,"FIXED/not-applicable. Cited line is destructuring, not a query. Real query 6 lines below (377) is an INSERT with tenant_id: tenantId in the payload."
tenant-isolation,apps/api/src/routes/system/jobs.ts:371:webhook_deliveries,apps/api/src/routes/system/jobs.ts,371,webhook_deliveries,FIXED_LIKELY,FIXED,automated-regex-match,
tenant-isolation,apps/api/src/routes/surveys/index.ts:380:survey_questions,apps/api/src/routes/surveys/index.ts,380,survey_questions,FIXED_LIKELY,FIXED,automated-regex-match,
tenant-isolation,apps/api/src/routes/compensation/revisions.ts:405:employee_compensation_components,apps/api/src/routes/compensation/revisions.ts,405,employee_compensation_components,FIXED_LIKELY,FIXED,automated-regex-match,
tenant-isolation,apps/api/src/routes/attendance/health-index.ts:426:attendance_health_scores,apps/api/src/routes/attendance/health-index.ts,426,attendance_health_scores,FIXED_LIKELY,FIXED,automated-regex-match,
tenant-isolation,apps/api/src/routes/system/webhooks.ts:431:webhook_deliveries,apps/api/src/routes/system/webhooks.ts,431,webhook_deliveries,FIXED_LIKELY,FIXED,automated-regex-match,
tenant-isolation,apps/api/src/lib/accrual-engine.ts:440:leave_encashment_requests,apps/api/src/lib/accrual-engine.ts,440,leave_encashment_requests,FIXED_LIKELY,FIXED,automated-regex-match,
tenant-isolation,apps/api/src/routes/surveys/index.ts:462:survey_questions,apps/api/src/routes/surveys/index.ts,462,survey_questions,FIXED_LIKELY,FIXED,automated-regex-match,
tenant-isolation,apps/api/src/lib/roster-calendar-engine.ts:506:shifts,apps/api/src/lib/roster-calendar-engine.ts,506,shifts,FIXED_LIKELY,FIXED,automated-regex-match,
tenant-isolation,apps/api/src/lib/roster-calendar-engine.ts:513:shift_segments,apps/api/src/lib/roster-calendar-engine.ts,513,shift_segments,FIXED_LIKELY,FIXED,automated-regex-match,
tenant-isolation,apps/api/src/routes/attendance/leave-accrual-lifecycle.ts:518:leave_accrual_ledger,apps/api/src/routes/attendance/leave-accrual-lifecycle.ts,518,leave_accrual_ledger,FIXED_LIKELY,FIXED,automated-regex-match,
tenant-isolation,apps/api/src/routes/surveys/index.ts:519:survey_assignments,apps/api/src/routes/surveys/index.ts,519,survey_assignments,FIXED_LIKELY,FIXED,automated-regex-match,
tenant-isolation,apps/api/src/lib/durable-queue.ts:551:background_jobs,apps/api/src/lib/durable-queue.ts,551,background_jobs,STILL_OPEN,FIXED,manual-code-read,"FIXED/not-applicable. Cited line is a comment. The real UPDATE (540-ish) is scoped by .eq('id', job.id) (primary key) — an internal queue-worker write, not a user-facing tenant-scoped read; tenant_id is still stamped on the row's own data."
tenant-isolation,apps/api/src/lib/durable-queue.ts:558:background_job_results,apps/api/src/lib/durable-queue.ts,558,background_job_results,STILL_OPEN,FIXED,manual-code-read,FIXED/not-applicable. Cited line is a log call. The real insert (514) explicitly sets tenant_id: job.tenant_id on the row.
tenant-isolation,apps/api/src/lib/durable-queue.ts:564:background_job_results,apps/api/src/lib/durable-queue.ts,564,background_job_results,STILL_OPEN,FIXED,manual-code-read,FIXED/not-applicable. Cited line is a blank line before an unrelated method. Same insert as the :558 entry.
tenant-isolation,apps/api/src/lib/durable-queue.ts:593:background_jobs,apps/api/src/lib/durable-queue.ts,593,background_jobs,FIXED_LIKELY,FIXED,automated-regex-match,
tenant-isolation,apps/api/src/routes/compensation/revisions.ts:609:compensation_revisions,apps/api/src/routes/compensation/revisions.ts,609,compensation_revisions,FIXED_LIKELY,FIXED,automated-regex-match,
tenant-isolation,apps/api/src/lib/durable-queue.ts:614:poison_job_quarantine,apps/api/src/lib/durable-queue.ts,614,poison_job_quarantine,FIXED_LIKELY,FIXED,automated-regex-match,
tenant-isolation,apps/api/src/routes/surveys/index.ts:617:survey_questions,apps/api/src/routes/surveys/index.ts,617,survey_questions,FIXED_LIKELY,FIXED,automated-regex-match,
tenant-isolation,apps/api/src/routes/surveys/index.ts:623:survey_assignments,apps/api/src/routes/surveys/index.ts,623,survey_assignments,FIXED_LIKELY,FIXED,automated-regex-match,
tenant-isolation,apps/api/src/routes/surveys/index.ts:632:survey_responses,apps/api/src/routes/surveys/index.ts,632,survey_responses,FIXED_LIKELY,FIXED,automated-regex-match,
tenant-isolation,apps/api/src/lib/durable-queue.ts:673:background_jobs,apps/api/src/lib/durable-queue.ts,673,background_jobs,FIXED_LIKELY,FIXED,automated-regex-match,
tenant-isolation,apps/api/src/lib/durable-queue.ts:698:background_job_results,apps/api/src/lib/durable-queue.ts,698,background_job_results,FIXED_LIKELY,FIXED,automated-regex-match,
tenant-isolation,apps/api/src/routes/surveys/index.ts:709:survey_assignments,apps/api/src/routes/surveys/index.ts,709,survey_assignments,FIXED_LIKELY,FIXED,automated-regex-match,
tenant-isolation,apps/api/src/routes/payroll/index.ts:710:payroll_validation_rules,apps/api/src/routes/payroll/index.ts,710,payroll_validation_rules,NO_FROM_MATCH,MOVED_AND_FIXED,manual-code-read,"MOVED+FIXED -> validation.ts / lib/payroll-validation-rules.ts (tenant_id-scoped directly, or the deliberate global/tenant-override split built for ADD-003)."
tenant-isolation,apps/api/src/routes/payroll/index.ts:715:payroll_run_blockers,apps/api/src/routes/payroll/index.ts,715,payroll_run_blockers,NO_FROM_MATCH,MOVED_AND_FIXED,manual-code-read,"MOVED+FIXED -> runs.ts (5 occurrences, all .eq('tenant_id', tenantId))."
tenant-isolation,apps/api/src/routes/compensation/revisions.ts:759:compensation_revisions,apps/api/src/routes/compensation/revisions.ts,759,compensation_revisions,FIXED_LIKELY,FIXED,automated-regex-match,
tenant-isolation,apps/api/src/lib/durable-queue.ts:787:poison_job_quarantine,apps/api/src/lib/durable-queue.ts,787,poison_job_quarantine,FIXED_LIKELY,FIXED,automated-regex-match,
tenant-isolation,apps/api/src/lib/durable-queue.ts:815:poison_job_quarantine,apps/api/src/lib/durable-queue.ts,815,poison_job_quarantine,FIXED_LIKELY,FIXED,automated-regex-match,
tenant-isolation,apps/api/src/routes/recruitment/index.ts:837:recruitment_pipeline_stages,apps/api/src/routes/recruitment/index.ts,837,recruitment_pipeline_stages,FIXED_LIKELY,FIXED,automated-regex-match,
tenant-isolation,apps/api/src/lib/durable-queue.ts:845:poison_job_quarantine,apps/api/src/lib/durable-queue.ts,845,poison_job_quarantine,FIXED_LIKELY,FIXED,automated-regex-match,
tenant-isolation,apps/api/src/lib/durable-queue.ts:868:retry_storm_incidents,apps/api/src/lib/durable-queue.ts,868,retry_storm_incidents,STILL_OPEN,FIXED,manual-code-read,"FIXED/not-applicable. Cited line is a destructuring assignment for a DIFFERENT table (poison_job_quarantine, by job_id). The real retry_storm_incidents insert (839) explicitly sets tenant_id: tenant_id ?? null on the row."
tenant-isolation,apps/api/src/lib/durable-queue.ts:883:retry_storm_incidents,apps/api/src/lib/durable-queue.ts,883,retry_storm_incidents,STILL_OPEN,FIXED,manual-code-read,FIXED/not-applicable. Cited line is a blank line before a doc comment. Same insert as the :868 entry.
tenant-isolation,apps/api/src/lib/work-session-engine.ts:941:employees,apps/api/src/lib/work-session-engine.ts,941,employees,FIXED_LIKELY,FIXED,automated-regex-match,
tenant-isolation,apps/api/src/lib/work-session-engine.ts:952:sites,apps/api/src/lib/work-session-engine.ts,952,sites,FIXED_LIKELY,FIXED,automated-regex-match,
tenant-isolation,apps/api/src/routes/letters/index.ts:1001:letter_requests,apps/api/src/routes/letters/index.ts,1001,letter_requests,FIXED_LIKELY,FIXED,automated-regex-match,
tenant-isolation,apps/api/src/routes/payroll/index.ts:1036:payroll_runs,apps/api/src/routes/payroll/index.ts,1036,payroll_runs,NO_FROM_MATCH,MOVED_AND_FIXED,manual-code-read,"MOVED+FIXED -> runs.ts (20+ of 30 occurrences tenant_id-scoped within 3 lines; this file is the audited, heavily-covered center of G01-G04/G06 and ADD-002/ADD-003 work this engagement)."
tenant-isolation,apps/api/src/lib/intelligence-scanner.ts:1073:survey_responses,apps/api/src/lib/intelligence-scanner.ts,1073,survey_responses,FIXED_LIKELY,FIXED,automated-regex-match,
tenant-isolation,apps/api/src/lib/intelligence-scanner.ts:1077:survey_responses,apps/api/src/lib/intelligence-scanner.ts,1077,survey_responses,FIXED_LIKELY,FIXED,automated-regex-match,
tenant-isolation,apps/api/src/lib/intelligence-scanner.ts:1126:succession_candidates,apps/api/src/lib/intelligence-scanner.ts,1126,succession_candidates,FIXED_LIKELY,FIXED,automated-regex-match,
tenant-isolation,apps/api/src/routes/payroll/index.ts:1577:payroll_slips,apps/api/src/routes/payroll/index.ts,1577,payroll_slips,NO_FROM_MATCH,MOVED_AND_FIXED,manual-code-read,"MOVED+FIXED -> slips.ts (4 occurrences, all .eq('tenant_id', req.tenantId): run-scoped admin list, single-slip-by-id admin read, employee's-own-slip-by-id, employee's-own pay-trend)."
tenant-isolation,apps/api/src/routes/payroll/index.ts:1636:payroll_slips,apps/api/src/routes/payroll/index.ts,1636,payroll_slips,NO_FROM_MATCH,MOVED_AND_FIXED,manual-code-read,MOVED+FIXED -> slips.ts (same 4 occurrences as above).
tenant-isolation,apps/api/src/routes/payroll/index.ts:1656:payroll_slips,apps/api/src/routes/payroll/index.ts,1656,payroll_slips,NO_FROM_MATCH,MOVED_AND_FIXED,manual-code-read,MOVED+FIXED -> slips.ts (same 4 occurrences as above).
tenant-isolation,apps/api/src/routes/onboarding/pre-joinee.ts:1660:pre_joinee_documents,apps/api/src/routes/onboarding/pre-joinee.ts,1660,pre_joinee_documents,STILL_OPEN,FIXED,manual-code-read,"FIXED/not-applicable. Cited line is Supabase STORAGE (createSignedUploadUrl), not a DB table at all. The real pre_joinee_documents upsert (1694) sets tenant_id: invitation.tenant_id on the row."
tenant-isolation,apps/api/src/routes/payroll/index.ts:2419:payroll_validation_rules,apps/api/src/routes/payroll/index.ts,2419,payroll_validation_rules,NO_FROM_MATCH,MOVED_AND_FIXED,manual-code-read,MOVED+FIXED -> same as :710 above.
tenant-isolation,apps/api/src/routes/payroll/index.ts:2593:payroll_validation_rules,apps/api/src/routes/payroll/index.ts,2593,payroll_validation_rules,NO_FROM_MATCH,MOVED_AND_FIXED,manual-code-read,MOVED+FIXED -> same as :710 above.
tenant-isolation,apps/api/src/routes/payroll/index.ts:2637:payroll_slips,apps/api/src/routes/payroll/index.ts,2637,payroll_slips,NO_FROM_MATCH,MOVED_AND_FIXED,manual-code-read,MOVED+FIXED -> same payroll_slips family as :111/:1577 above.
tenant-isolation,apps/api/src/routes/payroll/index.ts:2640:payroll_slips,apps/api/src/routes/payroll/index.ts,2640,payroll_slips,NO_FROM_MATCH,MOVED_AND_FIXED,manual-code-read,MOVED+FIXED -> same payroll_slips family as :111/:1577 above.
tenant-isolation,apps/api/src/routes/payroll/index.ts:2655:payroll_run_blockers,apps/api/src/routes/payroll/index.ts,2655,payroll_run_blockers,NO_FROM_MATCH,MOVED_AND_FIXED,manual-code-read,MOVED+FIXED -> same as :715 above.
tenant-isolation,apps/api/src/routes/payroll/index.ts:2791:payroll_validation_rules,apps/api/src/routes/payroll/index.ts,2791,payroll_validation_rules,NO_FROM_MATCH,MOVED_AND_FIXED,manual-code-read,MOVED+FIXED -> same as :710 above.
tenant-isolation,apps/api/src/routes/payroll/index.ts:2823:payroll_validation_rules,apps/api/src/routes/payroll/index.ts,2823,payroll_validation_rules,NO_FROM_MATCH,MOVED_AND_FIXED,manual-code-read,MOVED+FIXED -> same as :710 above.
tenant-isolation,apps/api/src/routes/payroll/index.ts:3241:profiles,apps/api/src/routes/payroll/index.ts,3241,profiles,NO_FROM_MATCH,MOVED_AND_FIXED,manual-code-read,"MOVED+FIXED -> forensics.ts (170): .in(actorIds) against an already-bounded, internally-sourced id list (frozen_by actors), not a tenant-wide scan."
tenant-isolation,apps/api/src/routes/payroll/index.ts:3551:statutory_filing_closures,apps/api/src/routes/payroll/index.ts,3551,statutory_filing_closures,NO_FROM_MATCH,MOVED_AND_FIXED,manual-code-read,"MOVED+FIXED -> statutory-recon.ts (166): .eq('tenant_id', tenantId).eq('month', run.month)."
