file,line,table,finding_type,classification
apps/api/src/lib/absconding-engine.ts,111,leave_requests,unbounded,F
apps/api/src/lib/absconding-engine.ts,146,attendance_daily,unbounded,F
apps/api/src/lib/absconding-engine.ts,904,employees,unbounded,D
apps/api/src/lib/absconding-engine.ts,959,employees,unbounded,F
apps/api/src/lib/ai/assistant-tools.ts,467,employees,hard-coded-limit-25,J
apps/api/src/lib/ai/assistant-tools.ts,786,payroll_slips,unbounded,D
apps/api/src/lib/ai/assistant-tools.ts,1089,attendance_daily,unbounded,F
apps/api/src/lib/attendance-engine.ts,658,attendance_punch_logs,unbounded,F
apps/api/src/lib/attendance-engine.ts,1203,attendance_daily,unbounded,F
apps/api/src/lib/attendance-engine.ts,1319,attendance_daily,unbounded,D
apps/api/src/lib/attendance-engine.ts,1381,attendance_daily,unbounded,F
apps/api/src/lib/attendance-processor.ts,596,employees,unbounded,F
apps/api/src/lib/attendance-processor.ts,853,attendance_logs,unbounded,F
apps/api/src/lib/attendance-processor.ts,865,attendance_daily,unbounded,F
apps/api/src/lib/attendance-processor.ts,878,attendance_daily,unbounded,F
apps/api/src/lib/attendance-trend.ts,39,attendance_daily,unbounded,F
apps/api/src/lib/import-engine/importer.ts,986,employee_bank_statutory,unbounded,F
apps/api/src/lib/import-engine/salary-upload.ts,893,employees,unbounded,F
apps/api/src/lib/import-engine/salary-upload.ts,914,employee_compensations,unbounded,F
apps/api/src/lib/import-engine/validator.ts,80,employees,hard-coded-limit-500,F
apps/api/src/lib/import-engine/validator.ts,138,master-tables,hard-coded-limit-500,F
apps/api/src/lib/import-engine/validator.ts,1265,employee_bank_statutory,unbounded,D
apps/api/src/lib/import-engine/validator.ts,1298,sites,unbounded,D
apps/api/src/lib/intelligence-scanner.ts,625,mood_checkins,unbounded,D
apps/api/src/lib/intelligence-scanner.ts,764,employees,unbounded,F
apps/api/src/lib/intelligence-scanner.ts,899,mood_checkins,unbounded,D
apps/api/src/lib/intelligence-scanner.ts,990,employees,unbounded,F
apps/api/src/lib/intelligence-scanner.ts,1036,employees,unbounded,F
apps/api/src/lib/org-context.ts,313,employees,unbounded,F
apps/api/src/lib/org-context.ts,358,sites,unbounded,D
apps/api/src/lib/payroll-accounting-engine.ts,646,employees,unbounded,F
apps/api/src/lib/payroll-engine.ts,638,attendance_daily,unbounded,F
apps/api/src/lib/payroll-snapshot-engine.ts,220,attendance_daily,unbounded,F
apps/api/src/lib/roster-calendar-engine.ts,610,attendance_daily,unbounded,F
apps/api/src/lib/shift-resolution-engine.ts,235,employees,unbounded,F
apps/api/src/lib/shift-resolution-engine.ts,323,sites,unbounded,D
apps/api/src/lib/wo-credit-reconciler.ts,180,attendance_daily,unbounded,F
apps/api/src/routes/attendance/anomalies.ts,144,employees,unbounded,D
apps/api/src/routes/attendance/anomalies.ts,163,employees,unbounded,D
apps/api/src/routes/attendance/anomalies.ts,339,employees,unbounded,F
apps/api/src/routes/attendance/comp-off.ts,141,attendance_daily,unbounded,D
apps/api/src/routes/attendance/confidence.ts,88,attendance_daily,unbounded,D
apps/api/src/routes/attendance/confidence.ts,205,attendance_daily,unbounded,D
apps/api/src/routes/attendance/context.ts,70,attendance_logs,hard-coded-limit-50,D
apps/api/src/routes/attendance/health-index.ts,129,employees,unbounded,F
apps/api/src/routes/attendance/health-index.ts,135,sites,unbounded,F
apps/api/src/routes/attendance/health-index.ts,499,employees,unbounded,D
apps/api/src/routes/attendance/leave.ts,74,leave_requests,unbounded,F
apps/api/src/routes/attendance/leave.ts,149,attendance_daily,unbounded,F
apps/api/src/routes/attendance/leave.ts,536,attendance_daily,unbounded,F
apps/api/src/routes/attendance/leave.ts,575,attendance_daily,unbounded,F
apps/api/src/routes/attendance/leave.ts,1131,employees,unbounded,F
apps/api/src/routes/attendance/leave.ts,1147,employees,unbounded,D
apps/api/src/routes/attendance/leave.ts,1171,employee_compensations,unbounded,D
apps/api/src/routes/attendance/leave.ts,1301,leave_requests,unbounded,F
apps/api/src/routes/attendance/leave.ts,1522,employees,unbounded,F
apps/api/src/routes/attendance/leave.ts,1615,attendance_daily,unbounded,F
apps/api/src/routes/attendance/manager-dashboard.ts,90,employees,unbounded,F
apps/api/src/routes/attendance/manager-dashboard.ts,123,attendance_daily,unbounded,F
apps/api/src/routes/attendance/muster-upload.ts,300,attendance_daily,unbounded,F
apps/api/src/routes/attendance/overtime.ts,345,employees,unbounded,D
apps/api/src/routes/attendance/upload.ts,324,attendance_punch_logs,unbounded,F
apps/api/src/routes/attendance/wo-credit.ts,208,employees,unbounded,D
apps/api/src/routes/attendance/work-sessions.ts,65,employees,unbounded,D
apps/api/src/routes/attendance/work-sessions.ts,606,employees,unbounded,F
apps/api/src/routes/compensation/manager-compensation.ts,58,employees,unbounded,F
apps/api/src/routes/compensation/manager-compensation.ts,73,employee_compensations,unbounded,F
apps/api/src/routes/compensation/revisions.ts,826,employee_compensations,unbounded,D
apps/api/src/routes/datasets/headcount.ts,86,employees,unbounded,F
apps/api/src/routes/datasets/statutory.ts,101,employee_bank_statutory,unbounded,F
apps/api/src/routes/datasets/statutory.ts,333,employee_bank_statutory,unbounded,F
apps/api/src/routes/employees/compensation.ts,429,employee_compensations,unbounded,F
apps/api/src/routes/ess/activity.ts,149,employees,unbounded,F
apps/api/src/routes/ess/company.ts,112,employees,unbounded,F
apps/api/src/routes/ess/events.ts,109,payroll_slips,hard-coded-limit-50,F
apps/api/src/routes/ess/events.ts,137,employees,unbounded,F
apps/api/src/routes/ess/home.ts,308,employees,unbounded,F
apps/api/src/routes/ess/identity.ts,122,employees,unbounded,F
apps/api/src/routes/ess/progress.ts,79,attendance_daily,hard-coded-limit-60,F
apps/api/src/routes/ess/signals.ts,158,employees,unbounded,F
apps/api/src/routes/ess/team.ts,145,employees,unbounded,F
apps/api/src/routes/ess/team.ts,167,leave_requests,hard-coded-limit-200,F
apps/api/src/routes/executive/index.ts,1037,employee_compensations,unbounded,D
apps/api/src/routes/governance/intelligence.ts,39,employees,unbounded,F
apps/api/src/routes/intelligence/__tests__/search-missing-pan.test.ts,6,employee_bank_statutory,unbounded,F
apps/api/src/routes/intelligence/index.ts,1330,employees,hard-coded-limit-50,J
apps/api/src/routes/intelligence/index.ts,1345,employees,hard-coded-limit-50,J
apps/api/src/routes/intelligence/index.ts,1385,employees,hard-coded-limit-50,J
apps/api/src/routes/intelligence/index.ts,1401,employees,hard-coded-limit-50,J
apps/api/src/routes/intelligence/index.ts,1412,employees,hard-coded-limit-50,J
apps/api/src/routes/intelligence/index.ts,1451,employees,hard-coded-limit-50,J
apps/api/src/routes/intelligence/index.ts,1478,employees,hard-coded-limit-50,J
apps/api/src/routes/intelligence/index.ts,1510,employees,hard-coded-limit-50,J
apps/api/src/routes/manager/team-leave-context.ts,85,employees,unbounded,F
apps/api/src/routes/manager/team-lifecycle.ts,65,employees,unbounded,F
apps/api/src/routes/manager/team-payroll-cost.ts,127,payroll_slips,unbounded,D
apps/api/src/routes/masters/leave-policy-assignments.ts,119,employees,unbounded,D
apps/api/src/routes/masters/leave-policy-assignments.ts,137,sites,unbounded,F
apps/api/src/routes/mood/index.ts,152,mood_checkins,unbounded,F
apps/api/src/routes/notifications/ess-operational.ts,103,attendance_daily,unbounded,F
apps/api/src/routes/notifications/ess-operational.ts,291,attendance_daily,unbounded,F
apps/api/src/routes/notifications/ess-operational.ts,318,attendance_logs,unbounded,F
apps/api/src/routes/notifications/ess-operational.ts,410,attendance_daily,unbounded,F
apps/api/src/routes/notifications/ess-operational.ts,484,attendance_daily,unbounded,F
apps/api/src/routes/payroll/arrears.ts,157,employees,unbounded,D
apps/api/src/routes/payroll/arrears.ts,243,employees,unbounded,D
apps/api/src/routes/payroll/arrears.ts,426,arrear_records,hard-coded-limit-200,J
apps/api/src/routes/payroll/bulk-ops.ts,267,leave_requests,unbounded,F
apps/api/src/routes/payroll/bulk-ops.ts,510,employees,unbounded,F
apps/api/src/routes/payroll/compensation-master.ts,231,employee_compensations,unbounded,F
apps/api/src/routes/payroll/ess-loans.ts,243,employees,unbounded,F
apps/api/src/routes/payroll/filing-pack.ts,114,employee_bank_statutory,unbounded,D
apps/api/src/routes/payroll/filing-pack.ts,265,epf_contributions,unbounded,D
apps/api/src/routes/payroll/filing-pack.ts,290,payroll_slips,unbounded,D
apps/api/src/routes/payroll/filing-pack.ts,302,employee_bank_statutory,unbounded,D
apps/api/src/routes/payroll/investigate.ts,105,attendance_daily,unbounded,F
apps/api/src/routes/payroll/investigate.ts,115,leave_requests,unbounded,F
apps/api/src/routes/payroll/ledger.ts,68,employees,unbounded,F
apps/api/src/routes/payroll/ops-dashboard.ts,490,payroll_adjustments,unbounded,D
apps/api/src/routes/payroll/runs.ts,191,payroll_slips,unbounded,F
apps/api/src/routes/payroll/runs.ts,2228,employees,unbounded,D
apps/api/src/routes/payroll/runs.ts,2367,leave_requests,unbounded,D
apps/api/src/routes/payroll/runs.ts,3059,employees,unbounded,F
apps/api/src/routes/payroll/runs.ts,3421,employees,unbounded,D
apps/api/src/routes/payroll/slips.ts,231,payroll_slips,unbounded,F
apps/api/src/routes/payroll/slips.ts,319,payroll_slips,unbounded,F
apps/api/src/routes/payroll/statutory-recon.ts,76,epf_contributions,unbounded,D
apps/api/src/routes/payroll/statutory/epf.ts,382,employee_compensations,unbounded,D
apps/api/src/routes/payroll/statutory/epf.ts,423,payroll_slips,unbounded,D
apps/api/src/routes/payroll/statutory/epf.ts,554,epf_contributions,unbounded,F
apps/api/src/routes/payroll/statutory/esi.ts,404,payroll_slips,unbounded,D
apps/api/src/routes/payroll/statutory/esi.ts,437,employee_compensations,unbounded,D
apps/api/src/routes/payroll/statutory/ptax.ts,447,sites,unbounded,F
apps/api/src/routes/payroll/statutory/ptax.ts,494,payroll_slips,unbounded,D
apps/api/src/routes/payroll/statutory/ptax.ts,512,employee_compensations,unbounded,D
apps/api/src/routes/payroll/statutory/tax-governance.ts,210,employees,hard-coded-limit-50,J
apps/api/src/routes/payroll/statutory/tds-bulk.ts,483,payroll_slips,unbounded,D
apps/api/src/routes/payroll/statutory/tds-plans.ts,226,payroll_slips,unbounded,F
apps/api/src/routes/payroll/statutory/tds-plans.ts,619,payroll_slips,unbounded,F
apps/api/src/routes/payroll/statutory/tds-plans.ts,742,payroll_slips,unbounded,F
apps/api/src/routes/payroll/statutory/tds-recovery.ts,351,payroll_slips,unbounded,F
apps/api/src/routes/payroll/variable-pay.ts,242,employees,unbounded,D
apps/api/src/routes/recognition/index.ts,160,employees,hard-coded-limit-100,F
apps/api/src/routes/recognition/index.ts,258,employees,unbounded,F
apps/api/src/routes/recognition/index.ts,442,employees,unbounded,F
apps/api/src/routes/recognition/index.ts,873,employees,unbounded,D
apps/api/src/routes/reports/export.ts,263,employee_bank_statutory,unbounded,F
apps/api/src/routes/succession/index.ts,696,succession_plans,unbounded,F
apps/api/src/routes/surveys/index.ts,806,employees,unbounded,D
apps/api/src/routes/surveys/index.ts,854,employees,unbounded,D
apps/api/src/routes/surveys/index.ts,1021,employees,unbounded,F
apps/api/src/routes/trust/intelligence.ts,36,employees,unbounded,F
apps/api/src/routes/whatsapp/index.ts,112,mood_checkins,unbounded,F
