file,line,table,classification
apps/api/src/lib/absconding-engine.ts,240,employees,F
apps/api/src/lib/absconding-engine.ts,274,absconding_cases,F
apps/api/src/lib/absconding-engine.ts,990,absconding_cases,F
apps/api/src/lib/accrual-engine.ts,382,employee_leave_balance,F
apps/api/src/lib/accrual-engine.ts,393,leave_balance_ledger,F
apps/api/src/lib/accrual-engine.ts,402,leave_accrual_ledger,F
apps/api/src/lib/ai/config.ts,76,ai_managed_config,J
apps/api/src/lib/attendance-api-scheduler.ts,53,attendance_api_sources,J
apps/api/src/lib/attendance-api-scheduler.ts,97,attendance_api_sources,J
apps/api/src/lib/attendance-api-scheduler.ts,116,attendance_api_sources,J
apps/api/src/lib/attendance-api-scheduler.ts,178,attendance_raw_logs,F
apps/api/src/lib/attendance-api-scheduler.ts,189,attendance_api_sources,J
apps/api/src/lib/attendance-engine.ts,1203,attendance_daily,F
apps/api/src/lib/attendance-engine.ts,1381,attendance_daily,F
apps/api/src/lib/attendance-engine.ts,1452,attendance_shift_audit_log,F
apps/api/src/lib/attendance-freshness.ts,259,attendance_freshness_snapshots,F
apps/api/src/lib/attendance-processor.ts,317,attendance_compute_log,F
apps/api/src/lib/attendance-processor.ts,387,attendance_audit_log,F
apps/api/src/lib/attendance-processor.ts,878,attendance_daily,F
apps/api/src/lib/attendance-processor.ts,1071,shifts,F
apps/api/src/lib/attendance-processor.ts,1088,attendance_daily,F
apps/api/src/lib/attendance-reconciliation.ts,109,attendance_reconciliation_issues,F
apps/api/src/lib/attendance-reconciliation.ts,640,attendance_reconciliation_runs,F
apps/api/src/lib/attendance-state-service.ts,149,attendance_processing_states,F
apps/api/src/lib/collision-engine.ts,327,leave_collision_log,F
apps/api/src/lib/community-celebrations.ts,109,feed_posts,F
apps/api/src/lib/comp-off-service.ts,58,comp_off_requests,F
apps/api/src/lib/durable-queue.ts,366,background_jobs,J
apps/api/src/lib/durable-queue.ts,379,background_jobs,J
apps/api/src/lib/durable-queue.ts,458,background_jobs,J
apps/api/src/lib/durable-queue.ts,540,background_jobs,J
apps/api/src/lib/durable-queue.ts,570,background_jobs,J
apps/api/src/lib/durable-queue.ts,1000,module_health,J
apps/api/src/lib/event-emitter.ts,102,notifications,F
apps/api/src/lib/fbp-service.ts,184,fbp_reconciliations,F
apps/api/src/lib/import-engine/chunk-executor.ts,179,import_job_errors,F
apps/api/src/lib/import-engine/chunk-executor.ts,207,import_job_chunks,F
apps/api/src/lib/import-engine/chunk-executor.ts,260,import_job_chunks,F
apps/api/src/lib/import-engine/chunk-executor.ts,286,import_jobs,F
apps/api/src/lib/import-engine/chunk-executor.ts,300,import_jobs,F
apps/api/src/lib/import-engine/chunk-executor.ts,319,import_jobs,F
apps/api/src/lib/import-engine/chunk-executor.ts,346,import_jobs,F
apps/api/src/lib/import-engine/chunk-executor.ts,359,import_job_chunks,F
apps/api/src/lib/import-engine/chunk-executor.ts,403,import_job_chunks,F
apps/api/src/lib/import-engine/chunk-executor.ts,416,import_jobs,F
apps/api/src/lib/import-engine/chunk-executor.ts,459,import_job_chunks,F
apps/api/src/lib/import-engine/chunk-executor.ts,487,import_jobs,F
apps/api/src/lib/import-engine/importer.ts,986,employee_bank_statutory,F
apps/api/src/lib/import-engine/importer.ts,1086,rotation_policy_rules,F
apps/api/src/lib/import-engine/importer.ts,1349,import_jobs,F
apps/api/src/lib/import-engine/importer.ts,1359,import_jobs,F
apps/api/src/lib/import-engine/importer.ts,1382,import_jobs,F
apps/api/src/lib/import-engine/importer.ts,1461,import_jobs,F
apps/api/src/lib/import-engine/importer.ts,1485,import_jobs,F
apps/api/src/lib/import-engine/salary-upload.ts,1166,employee_compensation_components,F
apps/api/src/lib/import-engine/salary-upload.ts,1169,employee_compensations,F
apps/api/src/lib/import-engine/salary-upload.ts,1193,employee_compensations,F
apps/api/src/lib/import-engine/salary-upload.ts,1199,employee_compensations,F
apps/api/src/lib/import-engine/salary-upload.ts,1258,import_job_rows,F
apps/api/src/lib/import-engine/salary-upload.ts,1288,import_jobs,F
apps/api/src/lib/import-engine/salary-upload.ts,1299,import_jobs,F
apps/api/src/lib/import-engine/salary-upload.ts,1313,import_jobs,F
apps/api/src/lib/import-engine/salary-upload.ts,1358,import_jobs,F
apps/api/src/lib/import-engine/salary-upload.ts,1379,import_jobs,F
apps/api/src/lib/import-pipeline/service.ts,145,import_job_chunks,F
apps/api/src/lib/import-pipeline/service.ts,156,import_job_chunks,F
apps/api/src/lib/import-pipeline/service.ts,174,import_job_chunks,F
apps/api/src/lib/import-pipeline/service.ts,194,import_job_chunks,F
apps/api/src/lib/import-pipeline/service.ts,212,import_job_chunks,F
apps/api/src/lib/import-pipeline/service.ts,244,import_job_errors,F
apps/api/src/lib/import-pipeline/service.ts,247,import_job_chunks,F
apps/api/src/lib/import-pipeline/service.ts,270,import_job_errors,F
apps/api/src/lib/insurance-provider.ts,65,insurance_outbox,F
apps/api/src/lib/insurance-provider.ts,115,insurance_outbox,F
apps/api/src/lib/intelligence-scanner.ts,1125,survey_response_analysis,F
apps/api/src/lib/intelligence-scanner.ts,1170,survey_assignments,F
apps/api/src/lib/intelligence-scanner.ts,1178,survey_assignments,F
apps/api/src/lib/leave-entitlement-service.ts,443,employee_leave_balance,F
apps/api/src/lib/leave-entitlement-service.ts,568,employee_leave_balance,F
apps/api/src/lib/leave-entitlement-service.ts,696,employee_leave_balance,F
apps/api/src/lib/leave-event-engine.ts,284,leave_event_grants,F
apps/api/src/lib/leave-event-engine.ts,369,leave_event_grants,F
apps/api/src/lib/leave-jobs.ts,142,leave_job_log,F
apps/api/src/lib/leave-jobs.ts,496,leave_accrual_ledger,F
apps/api/src/lib/leave-jobs.ts,517,employee_leave_balance,F
apps/api/src/lib/leave-jobs.ts,568,leave_job_log,F
apps/api/src/lib/leave-jobs.ts,720,leave_job_log,F
apps/api/src/lib/leave-jobs.ts,804,employee_leave_balance,F
apps/api/src/lib/leave-jobs.ts,848,leave_accrual_ledger,F
apps/api/src/lib/leave-jobs.ts,1004,leave_accrual_ledger,F
apps/api/src/lib/leave-jobs.ts,1208,leave_accrual_ledger,F
apps/api/src/lib/leave-jobs.ts,1231,employee_leave_balance,F
apps/api/src/lib/leave-jobs.ts,1867,leave_accrual_ledger,F
apps/api/src/lib/leave-ledger-service.ts,532,leave_accrual_ledger,F
apps/api/src/lib/leave-policy-service.ts,535,leave_policy_masters,F
apps/api/src/lib/leave-policy-service.ts,644,leave_policy_masters,F
apps/api/src/lib/leave-policy-service.ts,838,leave_policy_masters,F
apps/api/src/lib/leave-reconciliation.ts,510,leave_reconciliation_runs,F
apps/api/src/lib/leave-scheduler.ts,164,leave_job_log,J
apps/api/src/lib/leave-scheduler.ts,200,upload_sessions,J
apps/api/src/lib/ledger-writer.ts,53,payroll_explainability_ledger,F
apps/api/src/lib/ledger-writer.ts,74,payroll_explainability_ledger,F
apps/api/src/lib/notify.ts,121,inbox_items,F
apps/api/src/lib/notify.ts,187,scheduler_job_log,F
apps/api/src/lib/notify.ts,196,scheduler_job_log,F
apps/api/src/lib/onboarding-orchestrator.ts,385,inbox_items,F
apps/api/src/lib/onboarding-orchestrator.ts,432,onboarding_lifecycle_events,F
apps/api/src/lib/onboarding-orchestrator.ts,734,employee_onboarding_tasks,F
apps/api/src/lib/payroll-accounting-engine.ts,646,employees,F
apps/api/src/lib/payroll-accounting-engine.ts,680,payroll_financial_ledgers,F
apps/api/src/lib/payroll-accounting-engine.ts,762,payroll_ledger_entries,F
apps/api/src/lib/payroll-accounting-engine.ts,770,payroll_ledger_entries,F
apps/api/src/lib/payroll-accounting-engine.ts,779,payroll_financial_ledgers,F
apps/api/src/lib/payroll-accounting-engine.ts,836,payroll_cost_allocations,F
apps/api/src/lib/payroll-accounting-engine.ts,941,payroll_ledger_entries,F
apps/api/src/lib/payroll-accounting-engine.ts,946,payroll_financial_ledgers,F
apps/api/src/lib/payroll-accounting-engine.ts,988,departments,F
apps/api/src/lib/payroll-accounting-engine.ts,992,cost_centers,F
apps/api/src/lib/payroll-compensation-coverage.ts,207,employee_compensation_components,F
apps/api/src/lib/payroll-engine.ts,734,employee_compensation_components,F
apps/api/src/lib/payroll-snapshot-engine.ts,590,employees,F
apps/api/src/lib/payroll-snapshot-engine.ts,1007,payroll_replay_sessions,F
apps/api/src/lib/payroll-validator.ts,81,payroll_slips,F
apps/api/src/lib/policy-governance.ts,474,leave_policy_rules,F
apps/api/src/lib/rotation-engine.ts,131,rotation_policy_rules,F
apps/api/src/lib/salary-config-store.ts,249,salary_components,F
apps/api/src/lib/shift-resolution-engine.ts,151,rotation_policy_rules,F
apps/api/src/lib/shift-resolution-engine.ts,267,rotation_policy_rules,F
apps/api/src/lib/sla-scanner.ts,103,notifications,F
apps/api/src/lib/statutory/tax-computation-engine.ts,233,it_standard_config,J
apps/api/src/lib/timeline-aggregator.ts,261,profiles,F
apps/api/src/lib/verification-retry-scanner.ts,55,verification_records,J
apps/api/src/lib/webhook-retry-scheduler.ts,44,webhook_deliveries,J
apps/api/src/lib/webhook-service.ts,149,webhook_deliveries,F
apps/api/src/lib/webhook-service.ts,167,webhook_deliveries,F
apps/api/src/lib/webhook-service.ts,189,webhook_deliveries,F
apps/api/src/lib/webhook-service.ts,315,webhook_deliveries,F
apps/api/src/lib/webhook-service.ts,332,webhook_deliveries,F
apps/api/src/lib/whatsapp-provider.ts,103,whatsapp_outbox,F
apps/api/src/lib/whatsapp-provider.ts,110,whatsapp_outbox,F
apps/api/src/lib/whatsapp-provider.ts,179,whatsapp_outbox,F
apps/api/src/lib/whatsapp-provider.ts,186,whatsapp_outbox,F
apps/api/src/lib/whatsapp-provider.ts,194,whatsapp_outbox,F
apps/api/src/lib/wo-credit-reconciler.ts,109,wo_credit_ladder,F
apps/api/src/lib/workforce-reconciliation-service.ts,107,workforce_reconciliation_issues,F
apps/api/src/lib/workforce-reconciliation-service.ts,535,workforce_reconciliation_runs,F
apps/api/src/routes/attendance/api-sources.ts,258,attendance_raw_logs,F
apps/api/src/routes/attendance/api-sources.ts,489,attendance_api_sources,F
apps/api/src/routes/attendance/api-sources.ts,533,attendance_api_sources,F
apps/api/src/routes/attendance/api-sources.ts,541,attendance_api_sources,F
apps/api/src/routes/attendance/api-sources.ts,564,attendance_api_sources,F
apps/api/src/routes/attendance/leave.ts,575,attendance_daily,F
apps/api/src/routes/attendance/leave.ts,1550,leave_requests,F
apps/api/src/routes/attendance/leave.ts,1615,attendance_daily,F
apps/api/src/routes/attendance/muster-upload.ts,300,attendance_daily,F
apps/api/src/routes/attendance/muster-upload.ts,331,muster_uploads,F
apps/api/src/routes/attendance/muster-upload.ts,369,profiles,F
apps/api/src/routes/attendance/recompute.ts,270,attendance_recompute_runs,F
apps/api/src/routes/attendance/retroactive.ts,259,attendance_retroactive_impacts,F
apps/api/src/routes/attendance/risk.ts,464,attendance_risk_profiles,F
apps/api/src/routes/attendance/roster-api.ts,368,shift_roster,F
apps/api/src/routes/attendance/roster-api.ts,428,shift_roster,F
apps/api/src/routes/attendance/roster-api.ts,557,shift_roster,F
apps/api/src/routes/attendance/upload.ts,97,attendance_upload_jobs,F
apps/api/src/routes/attendance/upload.ts,324,attendance_punch_logs,F
apps/api/src/routes/attendance/upload.ts,419,attendance_upload_jobs,F
apps/api/src/routes/attendance/wo-credit.ts,43,wo_credit_ladder,F
apps/api/src/routes/attendance/work-sessions.ts,429,work_sessions,F
apps/api/src/routes/attendance/workforce-optimization.ts,1075,workforce_shift_balance,F
apps/api/src/routes/attendance/workforce-optimization.ts,1103,workforce_optimization_hints,F
apps/api/src/routes/compensation/revisions.ts,420,employee_compensation_components,F
apps/api/src/routes/compensation/revisions.ts,911,compensation_revisions,F
apps/api/src/routes/employees/compensation.ts,655,employee_compensation_components,F
apps/api/src/routes/employees/compensation.ts,660,employee_compensations,F
apps/api/src/routes/employees/compensation.ts,669,employee_compensations,F
apps/api/src/routes/employees/separation-workflow.ts,226,separation_clearances,F
apps/api/src/routes/employees/user-account.ts,329,profiles,F
apps/api/src/routes/employees/user-account.ts,350,profiles,F
apps/api/src/routes/governance/privacy.ts,48,compliance_controls,J
apps/api/src/routes/governance/privacy.ts,64,compliance_evidence_snapshots,J
apps/api/src/routes/governance/privacy.ts,355,compliance_controls,J
apps/api/src/routes/helpdesk/index.ts,527,helpdesk_sla_policies,F
apps/api/src/routes/import/index.ts,264,import_jobs,F
apps/api/src/routes/import/index.ts,416,import_job_rows,F
apps/api/src/routes/import/index.ts,468,import_job_rows,F
apps/api/src/routes/import/index.ts,524,import_job_errors,F
apps/api/src/routes/import/index.ts,572,import_job_metrics,F
apps/api/src/routes/intelligence/__tests__/search-missing-pan.test.ts,6,employee_bank_statutory,F
apps/api/src/routes/intelligence/index.ts,1639,pre_joinee_submissions,F
apps/api/src/routes/letters/index.ts,405,letter_templates,F
apps/api/src/routes/letters/index.ts,645,letter_approval_log,F
apps/api/src/routes/letters/index.ts,730,letter_approval_chains,F
apps/api/src/routes/letters/index.ts,808,letter_approval_chains,F
apps/api/src/routes/masters/holidays.ts,165,holiday_calendar,F
apps/api/src/routes/masters/leave-types.ts,83,leave_types,F
apps/api/src/routes/masters/rosters.ts,240,rosters,F
apps/api/src/routes/masters/rotation-policies.ts,207,rotation_policy_rules,F
apps/api/src/routes/masters/rotation-policies.ts,333,rotation_policy_rules,F
apps/api/src/routes/masters/rotation-policies.ts,476,rotation_policy_rules,F
apps/api/src/routes/masters/sites.ts,314,sites,F
apps/api/src/routes/mood/index.ts,38,profiles,F
apps/api/src/routes/mood/index.ts,369,work_locations,F
apps/api/src/routes/onboarding/checklist.ts,435,employee_onboarding_tasks,F
apps/api/src/routes/onboarding/checklist.ts,945,employee_onboarding_tasks,F
apps/api/src/routes/onboarding/drafts.ts,385,draft_employee_profiles,F
apps/api/src/routes/onboarding/drafts.ts,618,profiles,F
apps/api/src/routes/onboarding/drafts.ts,772,draft_employee_profiles,F
apps/api/src/routes/onboarding/pre-joinee.ts,494,pre_joinee_invitations,J
apps/api/src/routes/onboarding/pre-joinee.ts,674,pre_joinee_invitations,F
apps/api/src/routes/onboarding/pre-joinee.ts,1015,employees,F
apps/api/src/routes/onboarding/pre-joinee.ts,1502,pre_joinee_invitations,J
apps/api/src/routes/onboarding/pre-joinee.ts,1587,pre_joinee_invitations,J
apps/api/src/routes/onboarding/pre-joinee.ts,1738,pre_joinee_invitations,J
apps/api/src/routes/onboarding/seed-templates.ts,128,onboarding_checklist_items,F
apps/api/src/routes/onboarding/sessions.ts,421,onboarding_documents,F
apps/api/src/routes/onboarding/sessions.ts,437,onboarding_documents,F
apps/api/src/routes/onboarding/sessions.ts,481,onboarding_documents,F
apps/api/src/routes/onboarding/sessions.ts,492,onboarding_documents,F
apps/api/src/routes/onboarding/sessions.ts,572,onboarding_documents,F
apps/api/src/routes/onboarding/sessions.ts,598,onboarding_documents,F
apps/api/src/routes/onboarding/sessions.ts,618,onboarding_documents,F
apps/api/src/routes/onboarding/sessions.ts,822,draft_employee_profiles,F
apps/api/src/routes/onboarding/sessions.ts,835,draft_employee_profiles,F
apps/api/src/routes/payroll/advances.ts,411,advance_recovery_schedules,F
apps/api/src/routes/payroll/bulk-ops.ts,117,tds_declaration_audit_log,F
apps/api/src/routes/payroll/bulk-ops.ts,183,tds_declaration_audit_log,F
apps/api/src/routes/payroll/bulk-ops.ts,609,statutory_audit_log,F
apps/api/src/routes/payroll/compensation-master.ts,378,employee_compensation_components,F
apps/api/src/routes/payroll/compensation-master.ts,387,employee_compensations,F
apps/api/src/routes/payroll/compensation-revisions.ts,232,employee_compensation_components,F
apps/api/src/routes/payroll/compensation-revisions.ts,293,compensation_snapshots,F
apps/api/src/routes/payroll/compensation-revisions.ts,383,employee_compensation_components,F
apps/api/src/routes/payroll/compensation-revisions.ts,390,compensation_revisions,F
apps/api/src/routes/payroll/forecast.ts,270,payroll_forecasts,F
apps/api/src/routes/payroll/forecast.ts,301,payroll_forecasts,F
apps/api/src/routes/payroll/forensics.ts,170,profiles,F
apps/api/src/routes/payroll/loans.ts,379,loan_schedules,F
apps/api/src/routes/payroll/payout-batches.ts,270,payroll_payout_reconciliation,F
apps/api/src/routes/payroll/runs.ts,790,payroll_runs,J
apps/api/src/routes/payroll/runs.ts,1007,payroll_validation_rules,D
apps/api/src/routes/payroll/runs.ts,1012,payroll_run_blockers,F
apps/api/src/routes/payroll/runs.ts,1056,payroll_runs,J
apps/api/src/routes/payroll/runs.ts,1600,payroll_runs,J
apps/api/src/routes/payroll/runs.ts,2190,payroll_slips,F
apps/api/src/routes/payroll/runs.ts,2440,payroll_slips,F
apps/api/src/routes/payroll/runs.ts,2524,payroll_slips,F
apps/api/src/routes/payroll/runs.ts,2554,payroll_slips,F
apps/api/src/routes/payroll/runs.ts,3273,payroll_validation_rules,D
apps/api/src/routes/payroll/runs.ts,3440,payroll_validation_rules,D
apps/api/src/routes/payroll/runs.ts,3484,payroll_slips,F
apps/api/src/routes/payroll/runs.ts,3487,payroll_slips,F
apps/api/src/routes/payroll/runs.ts,3502,payroll_run_blockers,F
apps/api/src/routes/payroll/statutory/epf.ts,396,employee_compensation_components,F
apps/api/src/routes/payroll/statutory/epf.ts,554,epf_contributions,F
apps/api/src/routes/payroll/statutory/esi.ts,449,employee_compensation_components,F
apps/api/src/routes/payroll/statutory/esi.ts,544,esi_contributions,F
apps/api/src/routes/payroll/statutory/lwf.ts,159,lwf_state_settings,F
apps/api/src/routes/payroll/statutory/lwf.ts,373,employee_compensation_components,F
apps/api/src/routes/payroll/statutory/lwf.ts,468,lwf_contributions,F
apps/api/src/routes/payroll/statutory/ptax.ts,149,ptax_state_settings,F
apps/api/src/routes/payroll/statutory/ptax.ts,524,employee_compensation_components,F
apps/api/src/routes/payroll/statutory/ptax.ts,654,ptax_contributions,F
apps/api/src/routes/payroll/statutory-recon.ts,269,statutory_filing_closures,F
apps/api/src/routes/payroll/statutory/tax-governance.ts,338,tax_declaration_components,F
apps/api/src/routes/payroll/statutory/tds-bulk.ts,544,tax_projection_reconciliation,F
apps/api/src/routes/payroll/statutory/tds-components.ts,200,tax_declaration_components,F
apps/api/src/routes/payroll/statutory/tds-plans.ts,472,tax_declaration_plan_items,F
apps/api/src/routes/payroll/statutory/tds-plans.ts,558,tax_declaration_plan_items,F
apps/api/src/routes/payroll/statutory/tds-recovery.ts,422,tds_monthly_recovery,F
apps/api/src/routes/payroll/statutory/tds.ts,1366,tds_monthly_projections,F
apps/api/src/routes/payroll/validation.ts,270,payroll_validation_results,F
apps/api/src/routes/payroll/validation.ts,281,payroll_validation_runs,F
apps/api/src/routes/payroll/validation.ts,445,payroll_reconciliation_runs,F
apps/api/src/routes/payroll/variable-pay.ts,262,variable_payouts,F
apps/api/src/routes/policy/index.ts,335,work_locations,F
apps/api/src/routes/recruitment/index.ts,1676,profiles,F
apps/api/src/routes/recruitment/index.ts,2247,maker_checker_log,F
apps/api/src/routes/security/index.ts,191,security_detection_rules,J
apps/api/src/routes/security/index.ts,221,security_detection_rules,J
apps/api/src/routes/security/index.ts,334,security_detection_rules,J
apps/api/src/routes/surveys/index.ts,161,survey_assignments,F
apps/api/src/routes/surveys/index.ts,181,survey_assignments,F
apps/api/src/routes/surveys/index.ts,190,surveys,F
apps/api/src/routes/surveys/index.ts,199,survey_questions,F
apps/api/src/routes/surveys/index.ts,225,survey_assignments,F
apps/api/src/routes/surveys/index.ts,261,survey_responses,F
apps/api/src/routes/surveys/index.ts,271,survey_assignments,F
apps/api/src/routes/surveys/index.ts,650,survey_templates,J
apps/api/src/routes/surveys/index.ts,714,survey_questions,F
apps/api/src/routes/surveys/index.ts,720,survey_assignments,F
apps/api/src/routes/surveys/index.ts,729,survey_responses,F
apps/api/src/routes/surveys/index.ts,822,survey_assignments,F
apps/api/src/routes/surveys/index.ts,1037,feedback_360_nominators,F
apps/api/src/routes/system/event-governance.ts,491,event_retention_rules,F
apps/api/src/routes/system/integrations.ts,123,integration_audit_log,F
apps/api/src/routes/system/integrations.ts,307,integration_audit_log,F
apps/api/src/routes/system/integrations.ts,348,integration_registry,F
apps/api/src/routes/system/integrations.ts,398,integration_registry,F
apps/api/src/routes/system/jobs.ts,532,module_health,J
apps/api/src/routes/system/orchestration.ts,55,worker_registry,J
apps/api/src/routes/system/orchestration.ts,112,worker_registry,J
apps/api/src/routes/system/orchestration.ts,141,worker_registry,J
apps/api/src/routes/system/webhooks.ts,140,webhook_deliveries,F
apps/api/src/routes/system/webhooks.ts,396,webhook_deliveries,F
apps/api/src/routes/system/webhooks.ts,443,webhook_deliveries,F
apps/api/src/routes/system/webhooks.ts,472,webhook_deliveries,F
apps/api/src/routes/whatsapp/index.ts,197,mood_checkins,F
